-- phpMyAdmin SQL Dump
-- version 5.2.1
-- https://www.phpmyadmin.net/
--
-- Servidor: 127.0.0.1
-- Tiempo de generación: 13-06-2024 a las 19:18:37
-- Versión del servidor: 10.4.32-MariaDB
-- Versión de PHP: 8.2.12

SET SQL_MODE = "NO_AUTO_VALUE_ON_ZERO";
START TRANSACTION;
SET time_zone = "+00:00";


/*!40101 SET @OLD_CHARACTER_SET_CLIENT=@@CHARACTER_SET_CLIENT */;
/*!40101 SET @OLD_CHARACTER_SET_RESULTS=@@CHARACTER_SET_RESULTS */;
/*!40101 SET @OLD_COLLATION_CONNECTION=@@COLLATION_CONNECTION */;
/*!40101 SET NAMES utf8mb4 */;

--
-- Base de datos: `laboratorio iii`
--

-- --------------------------------------------------------

--
-- Estructura de tabla para la tabla `alumnos`
--

CREATE TABLE `alumnos` (
  `Legajo` varchar(5) NOT NULL,
  `Nombre` varchar(60) NOT NULL,
  `Apellido` varchar(60) NOT NULL,
  `Cuota` float NOT NULL,
  `Beca` int(3) NOT NULL,
  `InfoAlumno` longblob DEFAULT NULL,
  `FechaInscripcion` date NOT NULL,
  `CodCarrera` varchar(7) NOT NULL
) ENGINE=InnoDB DEFAULT CHARSET=utf8mb4 COLLATE=utf8mb4_general_ci;

--
-- Volcado de datos para la tabla `alumnos`
--

INSERT INTO `alumnos` (`Legajo`, `Nombre`, `Apellido`, `Cuota`, `Beca`, `InfoAlumno`, `FechaInscripcion`, `CodCarrera`) VALUES
('15784', 'Pablo', 'Díaz', 37000, 10, 0x255044462d312e340a25e2e3cfd30a322030206f626a0a3c3c2f4c656e677468203334352f46696c7465722f466c6174654465636f64653e3e73747265616d0a789c7591cd4a03311485f7798a6c8476d1347f93a44b5b5b5144adceb29b741ab5a5bfa322f8ceae7c01336106a437976120e47c27c939f744c62551863a6e68b9229c0eb46e16d392ccc929fd92dec6fd6bc25941bf1ad65a47ad665650e9681dc8732b09c19b4d547605d30a95a5e14c6854564a3387dfadf9881516979d6672841f1e0f36b29584c985c2e436142277a110b90b85c85d284c6e430179de0c55501e3f41558c3c92b4dc91e12c2271f5427a77e1d56f0efd72d30cfa1f2c844c6981e1feb05bd621637036e50786cb63d86ed7abcc1dd2c8d409b04c3e0f1f1ef24a995412e0c7a1f274d1bb58f4a1490b91aa03a659a8de3c5da528e7b0e30ddcbbd9bf57f5fa58ad7ff799839d49a5c3d7fbba0e75eefd7100469fd1a2b04ee3fd03fed12fb7b979b5f503feeac77fe3d5035c59ce395e3d7c7e06ee5a04b01baaa1e43213b72b1358cae964f0f8f4d03afe00d314fa1f0a656e6473747265616d0a656e646f626a0a342030206f626a0a3c3c2f547970652f506167652f4d65646961426f785b30203020353935203834325d2f5265736f75726365733c3c2f466f6e743c3c2f46312031203020523e3e3e3e2f436f6e74656e74732032203020522f506172656e742033203020523e3e0a656e646f626a0a312030206f626a0a3c3c2f547970652f466f6e742f537562747970652f54797065312f42617365466f6e742f48656c7665746963612f456e636f64696e672f57696e416e7369456e636f64696e673e3e0a656e646f626a0a332030206f626a0a3c3c2f547970652f50616765732f436f756e7420312f4b6964735b34203020525d3e3e0a656e646f626a0a352030206f626a0a3c3c2f547970652f436174616c6f672f50616765732033203020523e3e0a656e646f626a0a362030206f626a0a3c3c2f50726f647563657228695465787453686172709220352e352e31332e3420a9323030302d323032342069546578742047726f7570204e56205c284147504c2d76657273696f6e5c29292f4372656174696f6e4461746528443a32303234303631333134313632322d303327303027292f4d6f644461746528443a32303234303631333134313632322d303327303027293e3e0a656e646f626a0a787265660a3020370a303030303030303030302036353533352066200a30303030303030353339203030303030206e200a30303030303030303135203030303030206e200a30303030303030363237203030303030206e200a30303030303030343237203030303030206e200a30303030303030363738203030303030206e200a30303030303030373233203030303030206e200a747261696c65720a3c3c2f53697a6520372f526f6f742035203020522f496e666f2036203020522f4944205b3c38366662333165313136366262323931333863323231356533633733343732383e3c38366662333165313136366262323931333863323231356533633733343732383e5d3e3e0a2569546578742d352e352e31332e340a7374617274787265660a3838380a2525454f460a, '2024-03-08', 'TEC-PRO'),
('17504', 'Javier', 'Garcia', 37000, 15, 0x255044462d312e340a25e2e3cfd30a322030206f626a0a3c3c2f4c656e677468203334332f46696c7465722f466c6174654465636f64653e3e73747265616d0a789c7591cb6ac3301444f7fa0a6d0ac9228a5e969465539a90505242bdcc4675d4d6214ff5f5d55df5072a0b1b4aae2fc6207466ae34a30b99964419eab8a1e596703ad2ba59dc97644d2ef9977499f6e784b3827e375a6b1db59a5941a5a33190a71609c19b4d14bb826985626938131ac54a69e6f0b3359fb0c2e2d8692627f8f034d8c81609d3170ac36d280477a110dc854270170ac36d2880d7cda30acad327a84a9127929607329e25495abd90c14378f5bbd3b0dc350ffd4f2c84cc698161753a3cc7d0637036e70786db73d8efeb6dcf19d2c8dc09b0dc7d9e3e3cd42b657249403f0d95a79bc1cd66084d5a885c1d30cd42f5e6e93647b9163bde88078be37b15eb7355ff1e7b063b934b87b7f73186d877fff400465fa9852db8c6fb07faa5ffaa43c4fb0786b98fd54fcf6dbaf6814159ce39de3e4c50e0ad43b11e0b39965c4abc51605aace6a3e9e2b175fc012e79fb940a656e6473747265616d0a656e646f626a0a342030206f626a0a3c3c2f547970652f506167652f4d65646961426f785b30203020353935203834325d2f5265736f75726365733c3c2f466f6e743c3c2f46312031203020523e3e3e3e2f436f6e74656e74732032203020522f506172656e742033203020523e3e0a656e646f626a0a312030206f626a0a3c3c2f547970652f466f6e742f537562747970652f54797065312f42617365466f6e742f48656c7665746963612f456e636f64696e672f57696e416e7369456e636f64696e673e3e0a656e646f626a0a332030206f626a0a3c3c2f547970652f50616765732f436f756e7420312f4b6964735b34203020525d3e3e0a656e646f626a0a352030206f626a0a3c3c2f547970652f436174616c6f672f50616765732033203020523e3e0a656e646f626a0a362030206f626a0a3c3c2f50726f647563657228695465787453686172709220352e352e31332e3420a9323030302d323032342069546578742047726f7570204e56205c284147504c2d76657273696f6e5c29292f4372656174696f6e4461746528443a32303234303631333134313632322d303327303027292f4d6f644461746528443a32303234303631333134313632322d303327303027293e3e0a656e646f626a0a787265660a3020370a303030303030303030302036353533352066200a30303030303030353337203030303030206e200a30303030303030303135203030303030206e200a30303030303030363235203030303030206e200a30303030303030343235203030303030206e200a30303030303030363736203030303030206e200a30303030303030373231203030303030206e200a747261696c65720a3c3c2f53697a6520372f526f6f742035203020522f496e666f2036203020522f4944205b3c63346534336237646561393964343865633764636165623438653664323063313e3c63346534336237646561393964343865633764636165623438653664323063313e5d3e3e0a2569546578742d352e352e31332e340a7374617274787265660a3838360a2525454f460a, '2022-12-14', 'ING-BIO'),
('18257', 'María Fernanda', 'Sánchez', 35000, 10, 0x255044462d312e340a25e2e3cfd30a322030206f626a0a3c3c2f4c656e677468203335372f46696c7465722f466c6174654465636f64653e3e73747265616d0a789c7d51cd6ac24018bcef53eca5a007e3fe673d56a962a98298a3976db2ad8a46ddb614fab67d809efa024d9604c42f5f09816567e6db6f662e649c1169a8658666056174a0e3e121232b7289bfa08fd5fd8cb044d3cf9a9ba696a62a49391596064fd60dc439ab2f51d8ea4449141686255ca1b0942ab1f8db8a8d129de2b0558918e1c3abc19afd6b0a831b5308dc9a42e0d61402b7a630b83105e0555d2aa7acfa389595e591a0d9910ca79cf2eaf4427a4ffed5ed4ffd6c5f177d45e65c44b740b03c1d9f83ef10d834fa0782fbb33f1c7645c71bc2889809904c3e4eef0ef2a5343124c01ffbdcd14def6ed38722c5798c0e88a63edf3a5a442bb764cb6a726f5ebee56177ce77bf65c7606b62e8707b17820f5dfb57051875c3e656e814cf1ff0172efcb8eb9d5ba68e7b54b642e9caa2e3f9b6213072fd5de65bff851704145233c6f082a0c90e729b35240fcd5030a1f0c88164be9c0d568b49a3f803b36704280a656e6473747265616d0a656e646f626a0a342030206f626a0a3c3c2f547970652f506167652f4d65646961426f785b30203020353935203834325d2f5265736f75726365733c3c2f466f6e743c3c2f46312031203020523e3e3e3e2f436f6e74656e74732032203020522f506172656e742033203020523e3e0a656e646f626a0a312030206f626a0a3c3c2f547970652f466f6e742f537562747970652f54797065312f42617365466f6e742f48656c7665746963612f456e636f64696e672f57696e416e7369456e636f64696e673e3e0a656e646f626a0a332030206f626a0a3c3c2f547970652f50616765732f436f756e7420312f4b6964735b34203020525d3e3e0a656e646f626a0a352030206f626a0a3c3c2f547970652f436174616c6f672f50616765732033203020523e3e0a656e646f626a0a362030206f626a0a3c3c2f50726f647563657228695465787453686172709220352e352e31332e3420a9323030302d323032342069546578742047726f7570204e56205c284147504c2d76657273696f6e5c29292f4372656174696f6e4461746528443a32303234303631333134313632322d303327303027292f4d6f644461746528443a32303234303631333134313632322d303327303027293e3e0a656e646f626a0a787265660a3020370a303030303030303030302036353533352066200a30303030303030353531203030303030206e200a30303030303030303135203030303030206e200a30303030303030363339203030303030206e200a30303030303030343339203030303030206e200a30303030303030363930203030303030206e200a30303030303030373335203030303030206e200a747261696c65720a3c3c2f53697a6520372f526f6f742035203020522f496e666f2036203020522f4944205b3c63356131326635383366353333376332383866303832646563643732383539623e3c63356131326635383366353333376332383866303832646563643732383539623e5d3e3e0a2569546578742d352e352e31332e340a7374617274787265660a3930300a2525454f460a, '2024-06-01', 'ING-QMC'),
('19673', 'Laura María', 'Martinez', 42000, 20, 0x255044462d312e340a25e2e3cfd30a322030206f626a0a3c3c2f4c656e677468203335372f46696c7465722f466c6174654465636f64653e3e73747265616d0a789c7d51cd6ac24018bcef53eca5a007e3fe673d56a962a98298a3976db2ad8a46ddb614fab67d809efa024d9604c42f5f09816567e6db6f662e649c1169a8658666056174a0e3e121232b7289bfa08fd5fd8cb044d3cf9a9ba696a62a49391596064fd60dc439ab2f51d8ea4449141686255ca1b0942ab1f8db8a8d129de2b0558918e1c3abc19afd6b0a831b5308dc9a42e0d61402b7a630b83105e0555d2aa7acfa389595e591a0d9910ca79cf2eaf4427a4ffed5ed4ffd6c5f177d45e65c44b740b03c1d9f83ef10d834fa0782fbb33f1c7645c71bc2889809904c3e4eef0ef2a5343124c01ffbdcd14def6ed38722c5798c0e88a63edf3a5a442bb764cb6a726f5ebee56177ce77bf65c7606b62e8707b17820f5dfb57051875c3e656e814cf1ff0172efcb8eb9d5ba68e7b54b642e9caa2e3f9b6213072fd5de65bff851704145233c6f082a0c90e729b35240fcd5030a1f0c88164be9c0d568b49a3f803b36704280a656e6473747265616d0a656e646f626a0a342030206f626a0a3c3c2f547970652f506167652f4d65646961426f785b30203020353935203834325d2f5265736f75726365733c3c2f466f6e743c3c2f46312031203020523e3e3e3e2f436f6e74656e74732032203020522f506172656e742033203020523e3e0a656e646f626a0a312030206f626a0a3c3c2f547970652f466f6e742f537562747970652f54797065312f42617365466f6e742f48656c7665746963612f456e636f64696e672f57696e416e7369456e636f64696e673e3e0a656e646f626a0a332030206f626a0a3c3c2f547970652f50616765732f436f756e7420312f4b6964735b34203020525d3e3e0a656e646f626a0a352030206f626a0a3c3c2f547970652f436174616c6f672f50616765732033203020523e3e0a656e646f626a0a362030206f626a0a3c3c2f50726f647563657228695465787453686172709220352e352e31332e3420a9323030302d323032342069546578742047726f7570204e56205c284147504c2d76657273696f6e5c29292f4372656174696f6e4461746528443a32303234303631333134313632322d303327303027292f4d6f644461746528443a32303234303631333134313632322d303327303027293e3e0a656e646f626a0a787265660a3020370a303030303030303030302036353533352066200a30303030303030353531203030303030206e200a30303030303030303135203030303030206e200a30303030303030363339203030303030206e200a30303030303030343339203030303030206e200a30303030303030363930203030303030206e200a30303030303030373335203030303030206e200a747261696c65720a3c3c2f53697a6520372f526f6f742035203020522f496e666f2036203020522f4944205b3c63356131326635383366353333376332383866303832646563643732383539623e3c63356131326635383366353333376332383866303832646563643732383539623e5d3e3e0a2569546578742d352e352e31332e340a7374617274787265660a3930300a2525454f460a, '2024-06-03', 'ING-AER'),
('20736', 'Sofía', 'Pérez', 32000, 0, 0x255044462d312e340a25e2e3cfd30a322030206f626a0a3c3c2f4c656e677468203334352f46696c7465722f466c6174654465636f64653e3e73747265616d0a789c7591cd4e02311485f77d8a6e4c60c14cff68cb5288108c1209b364330e4521c040d598f8c62e5cf902769a99c4707b3399a4e9f9ce6dcfe9858c0b2235b54cd36243181d28d52cee0ab22497f80b7a1ff667846543fad9b0c6586a54663815967a4756adc4396b3651d90e3325515968967185ca52aacce2672b36ca860697adcac4081f1e066bd14a5ca74261721b0a91bb5088dc8542e42e1426b7a180bc6c1e9553163e4e65883c12b438927c1a90b0da92de837b29f775bfd8370ffd0fe65cc4b4c0b0a88fcfde250cd6c4fcc0707b7687c36e93384368113b0196c947fd5e425e4a1d4b02fcd855255df76ed67d68529cc7ea8069eaaad7926e62946bd8b206eecd4f6f95df9dabddef2931d8ea583abc7de9bdf3a9fb8707d0ea8a16cc488df70ff855bdfd49cceeea07fcd3b7775f78f78097823186770ff804dbb5085893eb5c30c1f1328165be980d968f93d6f1078849fad90a656e6473747265616d0a656e646f626a0a342030206f626a0a3c3c2f547970652f506167652f4d65646961426f785b30203020353935203834325d2f5265736f75726365733c3c2f466f6e743c3c2f46312031203020523e3e3e3e2f436f6e74656e74732032203020522f506172656e742033203020523e3e0a656e646f626a0a312030206f626a0a3c3c2f547970652f466f6e742f537562747970652f54797065312f42617365466f6e742f48656c7665746963612f456e636f64696e672f57696e416e7369456e636f64696e673e3e0a656e646f626a0a332030206f626a0a3c3c2f547970652f50616765732f436f756e7420312f4b6964735b34203020525d3e3e0a656e646f626a0a352030206f626a0a3c3c2f547970652f436174616c6f672f50616765732033203020523e3e0a656e646f626a0a362030206f626a0a3c3c2f50726f647563657228695465787453686172709220352e352e31332e3420a9323030302d323032342069546578742047726f7570204e56205c284147504c2d76657273696f6e5c29292f4372656174696f6e4461746528443a32303234303631333134313632322d303327303027292f4d6f644461746528443a32303234303631333134313632322d303327303027293e3e0a656e646f626a0a787265660a3020370a303030303030303030302036353533352066200a30303030303030353339203030303030206e200a30303030303030303135203030303030206e200a30303030303030363237203030303030206e200a30303030303030343237203030303030206e200a30303030303030363738203030303030206e200a30303030303030373233203030303030206e200a747261696c65720a3c3c2f53697a6520372f526f6f742035203020522f496e666f2036203020522f4944205b3c37333637643564343933663839636462386635366265646365386430386561363e3c37333637643564343933663839636462386635366265646365386430386561363e5d3e3e0a2569546578742d352e352e31332e340a7374617274787265660a3838380a2525454f460a, '2021-06-07', 'ING-QMC'),
('22224', 'Ana Sofía	', 'González', 45000, 25, 0x255044462d312e340a25e2e3cfd30a322030206f626a0a3c3c2f4c656e677468203335302f46696c7465722f466c6174654465636f64653e3e73747265616d0a789c75514b6ec23014dcfb146f53091604ffe2982554055155482859b2498369419040daaa12b7ed01baea05ea5889847879b122599e9967cfcc85cd32a60c586e20db320e23ad9bcd53c6d6ec127e09cffe7cc17814c377c34d120b898e1201d242ed58da4242f0e690846d1c6945c2d2f0486812564a4796be5bf3491427346c752427f4703fd8c81612a6cf1405b7a608b83345c09d2902ee4c51706b0ac1eba65401dc2f01ca5b9e48c84e6c3cf714bfdbb1c18b7bcb0fd5303b3445df908590c12d12acaad36bed7a043609fe91607a76c7e37edb738734326482248f5fd5678ef94a991012e2cf5c91c366f0b019629116224487447357bce7b00d56eec99637e4c1b2fc28eafdb9d8ff953d83ad09a1e3d7e775edeabef7fb028cbe634bff693a7fc49f9639a4d5eeb7677e5701d22caaf2fa737457ba0224d131e79cae00db88e9e811598df5587229e9509164b95a8cd265da2afe013aeefd870a656e6473747265616d0a656e646f626a0a342030206f626a0a3c3c2f547970652f506167652f4d65646961426f785b30203020353935203834325d2f5265736f75726365733c3c2f466f6e743c3c2f46312031203020523e3e3e3e2f436f6e74656e74732032203020522f506172656e742033203020523e3e0a656e646f626a0a312030206f626a0a3c3c2f547970652f466f6e742f537562747970652f54797065312f42617365466f6e742f48656c7665746963612f456e636f64696e672f57696e416e7369456e636f64696e673e3e0a656e646f626a0a332030206f626a0a3c3c2f547970652f50616765732f436f756e7420312f4b6964735b34203020525d3e3e0a656e646f626a0a352030206f626a0a3c3c2f547970652f436174616c6f672f50616765732033203020523e3e0a656e646f626a0a362030206f626a0a3c3c2f50726f647563657228695465787453686172709220352e352e31332e3420a9323030302d323032342069546578742047726f7570204e56205c284147504c2d76657273696f6e5c29292f4372656174696f6e4461746528443a32303234303631333134313632322d303327303027292f4d6f644461746528443a32303234303631333134313632322d303327303027293e3e0a656e646f626a0a787265660a3020370a303030303030303030302036353533352066200a30303030303030353434203030303030206e200a30303030303030303135203030303030206e200a30303030303030363332203030303030206e200a30303030303030343332203030303030206e200a30303030303030363833203030303030206e200a30303030303030373238203030303030206e200a747261696c65720a3c3c2f53697a6520372f526f6f742035203020522f496e666f2036203020522f4944205b3c39383163656163653638656462616364663935343261363632363230646661313e3c39383163656163653638656462616364663935343261363632363230646661313e5d3e3e0a2569546578742d352e352e31332e340a7374617274787265660a3839330a2525454f460a, '2022-04-03', 'ING-SIS'),
('25101', 'Federico', 'Lopez Muñoz', 49000, 5, 0x255044462d312e340a25e2e3cfd30a322030206f626a0a3c3c2f4c656e677468203335342f46696c7465722f466c6174654465636f64653e3e73747265616d0a789c7d51c16ac24014bcef57eca5100fc67d9bdd6473d4a262b18235472f69b26d236a34ad14fcebd21f68b22420bebc1202cbceccdb373367364958107223429ee44cf0a1768769c2d6ecec7ec99feafb3913bee6df0d378a0c8f941f01978657966d5a08403497246cb4af021296a1f04191701028dfd06f2b11fb3aa261a37c19d3c3ebc15afc6b8a825b5304dc9922e0ce140177a628b83585e075532a70517fc083da722c797260a31970a84f6fcc5bdaf774570e925d53f40d19403ab748b02a0faf95ed1198c8f94782f1c9eef745def3860ca5cb04491e2fe5578af94110ba90107f62b3946fbd87ed008b14808b0e896636fb4879eeacdc938d68c8dee2f89955c5292b7e8f3d834de842c7dba75565abbefdeb024275c7961a04d0f923fecce6b62ab2becada069064599eecf5d666c7d46e75eff9f2535ee97ad03c150b21e87a105fd3ad20ae19e9911460e8bc9164b19a0fc7d39756f107066102ec0a656e6473747265616d0a656e646f626a0a342030206f626a0a3c3c2f547970652f506167652f4d65646961426f785b30203020353935203834325d2f5265736f75726365733c3c2f466f6e743c3c2f46312031203020523e3e3e3e2f436f6e74656e74732032203020522f506172656e742033203020523e3e0a656e646f626a0a312030206f626a0a3c3c2f547970652f466f6e742f537562747970652f54797065312f42617365466f6e742f48656c7665746963612f456e636f64696e672f57696e416e7369456e636f64696e673e3e0a656e646f626a0a332030206f626a0a3c3c2f547970652f50616765732f436f756e7420312f4b6964735b34203020525d3e3e0a656e646f626a0a352030206f626a0a3c3c2f547970652f436174616c6f672f50616765732033203020523e3e0a656e646f626a0a362030206f626a0a3c3c2f50726f647563657228695465787453686172709220352e352e31332e3420a9323030302d323032342069546578742047726f7570204e56205c284147504c2d76657273696f6e5c29292f4372656174696f6e4461746528443a32303234303631333134313632322d303327303027292f4d6f644461746528443a32303234303631333134313632322d303327303027293e3e0a656e646f626a0a787265660a3020370a303030303030303030302036353533352066200a30303030303030353438203030303030206e200a30303030303030303135203030303030206e200a30303030303030363336203030303030206e200a30303030303030343336203030303030206e200a30303030303030363837203030303030206e200a30303030303030373332203030303030206e200a747261696c65720a3c3c2f53697a6520372f526f6f742035203020522f496e666f2036203020522f4944205b3c61316133336432616434663333396666613632643666343631636362646131313e3c61316133336432616434663333396666613632643666343631636362646131313e5d3e3e0a2569546578742d352e352e31332e340a7374617274787265660a3839370a2525454f460a, '2018-05-08', 'ING-AER'),
('26001', 'Juan Manuel	', 'Rodríguez', 40000, 15, 0x255044462d312e340a25e2e3cfd30a322030206f626a0a3c3c2f4c656e677468203335302f46696c7465722f466c6174654465636f64653e3e73747265616d0a789c75524b6ec23014dcfb14de548205c1bf38ceb22040208a449b259b3471290812701b55ea9dbbea05ea5841aa78798922599e9967cf4cae649211a9a9619a66256174a454bb9865644baee11374e5f717844531fd6ab9496268a2a2845361a8b3e4a5833867ed260a9b3852128585661157282ca58a0c7eb662691427386c5424527cb81fac450771dd670a833b53087c3385c03753087c3385c19d29006fdb523965fee5547acba9a0d9998ce79ee2576f64b0b6fbfc580fb3635bf43f32e722b805824d7d7e75b6476092e01f081e2ff6743a943d67082d422640326deacf1cf2a5d42124c09fd822a7bbc1c36e08458af3101d10cd6df19ed33258b9271bd69207cbeaa370874b71f8ad7a061b1d4287b7cf9db3aeeffebe00adeed8fec7601ccf1ff0574d5ed1a7bc6aec092f01a89eebd2fdec1bfb8db700348af9076f01f0798ca70f6d8ff558309ee2b902c972b318cdd6d34ef1076020fe490a656e6473747265616d0a656e646f626a0a342030206f626a0a3c3c2f547970652f506167652f4d65646961426f785b30203020353935203834325d2f5265736f75726365733c3c2f466f6e743c3c2f46312031203020523e3e3e3e2f436f6e74656e74732032203020522f506172656e742033203020523e3e0a656e646f626a0a312030206f626a0a3c3c2f547970652f466f6e742f537562747970652f54797065312f42617365466f6e742f48656c7665746963612f456e636f64696e672f57696e416e7369456e636f64696e673e3e0a656e646f626a0a332030206f626a0a3c3c2f547970652f50616765732f436f756e7420312f4b6964735b34203020525d3e3e0a656e646f626a0a352030206f626a0a3c3c2f547970652f436174616c6f672f50616765732033203020523e3e0a656e646f626a0a362030206f626a0a3c3c2f50726f647563657228695465787453686172709220352e352e31332e3420a9323030302d323032342069546578742047726f7570204e56205c284147504c2d76657273696f6e5c29292f4372656174696f6e4461746528443a32303234303631333134313632322d303327303027292f4d6f644461746528443a32303234303631333134313632322d303327303027293e3e0a656e646f626a0a787265660a3020370a303030303030303030302036353533352066200a30303030303030353434203030303030206e200a30303030303030303135203030303030206e200a30303030303030363332203030303030206e200a30303030303030343332203030303030206e200a30303030303030363833203030303030206e200a30303030303030373238203030303030206e200a747261696c65720a3c3c2f53697a6520372f526f6f742035203020522f496e666f2036203020522f4944205b3c35343130306538313433303032383139326637663037653666633836353139373e3c35343130306538313433303032383139326637663037653666633836353139373e5d3e3e0a2569546578742d352e352e31332e340a7374617274787265660a3839330a2525454f460a, '2019-06-02', 'ING-ELC'),
('26582', 'Marta Esther', 'Sánchez', 50000, 0, 0x255044462d312e340a25e2e3cfd30a322030206f626a0a3c3c2f4c656e677468203334382f46696c7465722f466c6174654465636f64653e3e73747265616d0a789c75514b6ec23014dcfb14de548205c6bf3866592a40542d124a966cdce016105f4355a9b7ed197a813a562255bcbc58912ccfccb367e642c62551865a6e68b9269c0eb4ae3793922cc925fd923ec7f319e12ca35f3537cf2dcd35cb059596064f8a061282d787286c33a6150a4bc399d028ac946616bf5bf311cb721cb69ac9113e3c0e36b28184e93285c18d29046e4d21706b0a815b5318dc9802f0b22e55501e97a02a5a1e495a1ec8701a2971f74e7a2ffec3ed4efd725717fd8f2c844c6e8160713abc05df21b079f20f048f67bfdf6fd71d774823532640f2f479ba39c857caa490007fec2b4757bd87551f8ab410293a209afa6ae3e83a59b9275b5e937bf3e3b50adb73b5fd3d760cb626850e5fef42f0a1ebfdb100a3efd8d26456e2f903feab0b374727d7dbc607bc05202b7e8ed5c67fe3250045c6e3879700f81ddc364ec0154333945c6a3c5520992f6683625e348a3f41a5fdb50a656e6473747265616d0a656e646f626a0a342030206f626a0a3c3c2f547970652f506167652f4d65646961426f785b30203020353935203834325d2f5265736f75726365733c3c2f466f6e743c3c2f46312031203020523e3e3e3e2f436f6e74656e74732032203020522f506172656e742033203020523e3e0a656e646f626a0a312030206f626a0a3c3c2f547970652f466f6e742f537562747970652f54797065312f42617365466f6e742f48656c7665746963612f456e636f64696e672f57696e416e7369456e636f64696e673e3e0a656e646f626a0a332030206f626a0a3c3c2f547970652f50616765732f436f756e7420312f4b6964735b34203020525d3e3e0a656e646f626a0a352030206f626a0a3c3c2f547970652f436174616c6f672f50616765732033203020523e3e0a656e646f626a0a362030206f626a0a3c3c2f50726f647563657228695465787453686172709220352e352e31332e3420a9323030302d323032342069546578742047726f7570204e56205c284147504c2d76657273696f6e5c29292f4372656174696f6e4461746528443a32303234303631333134313632322d303327303027292f4d6f644461746528443a32303234303631333134313632322d303327303027293e3e0a656e646f626a0a787265660a3020370a303030303030303030302036353533352066200a30303030303030353432203030303030206e200a30303030303030303135203030303030206e200a30303030303030363330203030303030206e200a30303030303030343330203030303030206e200a30303030303030363831203030303030206e200a30303030303030373236203030303030206e200a747261696c65720a3c3c2f53697a6520372f526f6f742035203020522f496e666f2036203020522f4944205b3c35373833356263396233366539636165626161663238356565383037396330663e3c35373833356263396233366539636165626161663238356565383037396330663e5d3e3e0a2569546578742d352e352e31332e340a7374617274787265660a3839310a2525454f460a, '2024-06-01', 'ING-SIS'),
('27012', 'Carlos Andrés', 'López', 38000, 5, 0x255044462d312e340a25e2e3cfd30a322030206f626a0a3c3c2f4c656e677468203335342f46696c7465722f466c6174654465636f64653e3e73747265616d0a789c7d514d4fc24014bcefafd88b4939d0ee6777390201a3212ada2397daae0a010a8bc6c47fec993f60bb6913c2eb334d93cdceccdb37334732c9884ca96529cd4ac2e85087c32c234b720cbfa0f7f5fd2d61b1a6df0dd7184b8d8a0da7c252efc84b0b71ce9a4b14b63a56128545ca62ae50584a155bfc6dc546b136386c552c46f8f07ab066ff9ac2e0d6140277a610b83385c09d290c6e4d0178d994ca29ab3f4e656d792468b623c99c535e9fde48b470eff9a61a649ba6e80b32e722b80582876af7ea5d8fc09ae01f08c607b7ddaecb9e37442a42264032fdaa3e73c897320d2101fec415395d4537ab011429ce4374403477c5474ecb60e59a6c59438eeef6a7c2af0fc5fabcef196cd3103adc3ef7def9befdeb025275c516867181e70ff8f5f46d75ba5cbaa3eab04834de97fef7841704262ece07f783b703f8d232c6f076005fe3a5c03474a213c1444f225dde4093cda6c3a7e7c756f1073f9c032f0a656e6473747265616d0a656e646f626a0a342030206f626a0a3c3c2f547970652f506167652f4d65646961426f785b30203020353935203834325d2f5265736f75726365733c3c2f466f6e743c3c2f46312031203020523e3e3e3e2f436f6e74656e74732032203020522f506172656e742033203020523e3e0a656e646f626a0a312030206f626a0a3c3c2f547970652f466f6e742f537562747970652f54797065312f42617365466f6e742f48656c7665746963612f456e636f64696e672f57696e416e7369456e636f64696e673e3e0a656e646f626a0a332030206f626a0a3c3c2f547970652f50616765732f436f756e7420312f4b6964735b34203020525d3e3e0a656e646f626a0a352030206f626a0a3c3c2f547970652f436174616c6f672f50616765732033203020523e3e0a656e646f626a0a362030206f626a0a3c3c2f50726f647563657228695465787453686172709220352e352e31332e3420a9323030302d323032342069546578742047726f7570204e56205c284147504c2d76657273696f6e5c29292f4372656174696f6e4461746528443a32303234303631333134313632322d303327303027292f4d6f644461746528443a32303234303631333134313632322d303327303027293e3e0a656e646f626a0a787265660a3020370a303030303030303030302036353533352066200a30303030303030353438203030303030206e200a30303030303030303135203030303030206e200a30303030303030363336203030303030206e200a30303030303030343336203030303030206e200a30303030303030363837203030303030206e200a30303030303030373332203030303030206e200a747261696c65720a3c3c2f53697a6520372f526f6f742035203020522f496e666f2036203020522f4944205b3c36626431646265343636333762353063346130646533343364373635383364313e3c36626431646265343636333762353063346130646533343364373635383364313e5d3e3e0a2569546578742d352e352e31332e340a7374617274787265660a3839370a2525454f460a, '2022-05-25', 'TEC-PRO'),
('27858', 'Paula', 'Fernandez', 41000, 0, 0x255044462d312e340a25e2e3cfd30a322030206f626a0a3c3c2f4c656e677468203334362f46696c7465722f466c6174654465636f64653e3e73747265616d0a789c75915f4fc23014c5dffb29fa62020f94fe5b5b1e8580d11805dd232f73ab0a81015362e2d7f60bd8355b42b8bd5996343dbf73db737a22d39c28431d3734af08a723addbc53c272b728abfa40f61ff8e7096d19f96b5d651ab9915543ada78f2da4942f07613955dc6b442656938131a9595d2cce1676b3e6199c565a7999ce0c3c360233b499854284cee4221721f0a91fb5088dc87c2e42e149057eda30acac327a80a912792e67b325e0424acdec9e0d17f14dbc330dfb60f7d010b21635a60783aecdf1a9f30381bf303c3edd1ef769b2a7186343276022cb3f3e1bb80bc52269604f8a92f0bba1edcac87d0a48588d501d3c2979f05ad62946bd8f1161edcd75f65b339969bbf3a31d899583abc7dd134be49dd3f3c80d157b4b42e7378ff805f16e75d62765f3fe017bea98bbaf2bf78ffc0a305e71cef1ff009b66f12e6cdc6722cb99478a3c093cf67a3e5cb73e7f8072ec4fbb00a656e6473747265616d0a656e646f626a0a342030206f626a0a3c3c2f547970652f506167652f4d65646961426f785b30203020353935203834325d2f5265736f75726365733c3c2f466f6e743c3c2f46312031203020523e3e3e3e2f436f6e74656e74732032203020522f506172656e742033203020523e3e0a656e646f626a0a312030206f626a0a3c3c2f547970652f466f6e742f537562747970652f54797065312f42617365466f6e742f48656c7665746963612f456e636f64696e672f57696e416e7369456e636f64696e673e3e0a656e646f626a0a332030206f626a0a3c3c2f547970652f50616765732f436f756e7420312f4b6964735b34203020525d3e3e0a656e646f626a0a352030206f626a0a3c3c2f547970652f436174616c6f672f50616765732033203020523e3e0a656e646f626a0a362030206f626a0a3c3c2f50726f647563657228695465787453686172709220352e352e31332e3420a9323030302d323032342069546578742047726f7570204e56205c284147504c2d76657273696f6e5c29292f4372656174696f6e4461746528443a32303234303631333134313632322d303327303027292f4d6f644461746528443a32303234303631333134313632322d303327303027293e3e0a656e646f626a0a787265660a3020370a303030303030303030302036353533352066200a30303030303030353430203030303030206e200a30303030303030303135203030303030206e200a30303030303030363238203030303030206e200a30303030303030343238203030303030206e200a30303030303030363739203030303030206e200a30303030303030373234203030303030206e200a747261696c65720a3c3c2f53697a6520372f526f6f742035203020522f496e666f2036203020522f4944205b3c30646133646333386162633165393832343135396361363834383361643365653e3c30646133646333386162633165393832343135396361363834383361643365653e5d3e3e0a2569546578742d352e352e31332e340a7374617274787265660a3838390a2525454f460a, '2022-02-25', 'TEC-PRO'),
('28327', 'Lucia ', 'Gomez', 47000, 25, 0x255044462d312e340a25e2e3cfd30a322030206f626a0a3c3c2f4c656e677468203334322f46696c7465722f466c6174654465636f64653e3e73747265616d0a789c75915f6bc23014c5dff329f232d007d3fc6b923eea507188e0d6475fba9a6d15b5da4d06fbdafb024b430bc3db4b2984fcceb9c939b992594e94a18e1b9aef09a713addbc53c275b728dbfa44f617f49384be977abb5d651ab9915543ada78f2d2212178bb89629732ad502c0d6742a35829cd1c7eb6e6194b2d8e9d6632c38787c146764898a15018ee4221b80f85e03e1482fb5018ee4201bc6d1f55501e3e4155889c499a9f48b20892b07a23a3b57f2f0ef5383fb40ffd4f2c848c698161539f5e1b3f607036e60786e9c51f8fd57ee00c6964ec04581e6ff55701f54a995812d0cf7c59d0dde8613786262d44ac0e9816befc28e83e46b9173bde8a47abf367d95497b2fa3d0f0c7626960e6f5f348d6f86ee1f1ec0e83bb5744a5abc7fa05fdfca6a60765f3fd02feb93ffc1bb077a6d39e778f7f0fe29de39102b9eb8447291e17502cf6ab39c4ce7cf9de30f93f5fa360a656e6473747265616d0a656e646f626a0a342030206f626a0a3c3c2f547970652f506167652f4d65646961426f785b30203020353935203834325d2f5265736f75726365733c3c2f466f6e743c3c2f46312031203020523e3e3e3e2f436f6e74656e74732032203020522f506172656e742033203020523e3e0a656e646f626a0a312030206f626a0a3c3c2f547970652f466f6e742f537562747970652f54797065312f42617365466f6e742f48656c7665746963612f456e636f64696e672f57696e416e7369456e636f64696e673e3e0a656e646f626a0a332030206f626a0a3c3c2f547970652f50616765732f436f756e7420312f4b6964735b34203020525d3e3e0a656e646f626a0a352030206f626a0a3c3c2f547970652f436174616c6f672f50616765732033203020523e3e0a656e646f626a0a362030206f626a0a3c3c2f50726f647563657228695465787453686172709220352e352e31332e3420a9323030302d323032342069546578742047726f7570204e56205c284147504c2d76657273696f6e5c29292f4372656174696f6e4461746528443a32303234303631333134313632322d303327303027292f4d6f644461746528443a32303234303631333134313632322d303327303027293e3e0a656e646f626a0a787265660a3020370a303030303030303030302036353533352066200a30303030303030353336203030303030206e200a30303030303030303135203030303030206e200a30303030303030363234203030303030206e200a30303030303030343234203030303030206e200a30303030303030363735203030303030206e200a30303030303030373230203030303030206e200a747261696c65720a3c3c2f53697a6520372f526f6f742035203020522f496e666f2036203020522f4944205b3c30393966323137626564323332623033636137356461386634396239643033363e3c30393966323137626564323332623033636137356461386634396239643033363e5d3e3e0a2569546578742d352e352e31332e340a7374617274787265660a3838350a2525454f460a, '2019-08-30', 'ING-AER'),
('28972', 'Camila', 'Veccar Rodriguez', 40000, 10, 0x255044462d312e340a25e2e3cfd30a322030206f626a0a3c3c2f4c656e677468203335382f46696c7465722f466c6174654465636f64653e3e73747265616d0a789c7d515d6bc230147dcfafc8cba03e58f3d5267d9ca263630c74c5275fba367315b59a4d06fbdbfb034b430be2ed5d4220e49c7373cfb96732cd894ca96129cd2bc2e8380997794e96e41c8ea04ffefd81b038a1df2d576b43b58a35a7c25067c96b0771ceda47143649ac240a8b94c55ca1b0942a36f8df8a6571a271d8a8586478715f3861ff9ac2e0ce1402f7a610b83785c0bd290cee4c0178d90e9553e637a7d25bce04cd0f64b2e094fbdb3b899eedb6d835a37cd70efa8accb9086e81e0a539bc393b20303af80782fb93ddefeb6ae00f918a900990cc2ecd5701f952a62124c09fdab2a09be86e338222c579880e8816b6fc286815acdc920d6bc9d1e3f1b374f5a9ac7f8f03854d1a4287dd17ce5937d4bf1f40aa6ed8c2645ae0f903feac38d4fb81e27dfe40b0b66559b86b973d35099d47aba672f5f6627ff00981a28af9854f08f0f900b90f1b4622267a22985078e84093cf67e3c57cd529fe00fa2703df0a656e6473747265616d0a656e646f626a0a342030206f626a0a3c3c2f547970652f506167652f4d65646961426f785b30203020353935203834325d2f5265736f75726365733c3c2f466f6e743c3c2f46312031203020523e3e3e3e2f436f6e74656e74732032203020522f506172656e742033203020523e3e0a656e646f626a0a312030206f626a0a3c3c2f547970652f466f6e742f537562747970652f54797065312f42617365466f6e742f48656c7665746963612f456e636f64696e672f57696e416e7369456e636f64696e673e3e0a656e646f626a0a332030206f626a0a3c3c2f547970652f50616765732f436f756e7420312f4b6964735b34203020525d3e3e0a656e646f626a0a352030206f626a0a3c3c2f547970652f436174616c6f672f50616765732033203020523e3e0a656e646f626a0a362030206f626a0a3c3c2f50726f647563657228695465787453686172709220352e352e31332e3420a9323030302d323032342069546578742047726f7570204e56205c284147504c2d76657273696f6e5c29292f4372656174696f6e4461746528443a32303234303631333134313632322d303327303027292f4d6f644461746528443a32303234303631333134313632322d303327303027293e3e0a656e646f626a0a787265660a3020370a303030303030303030302036353533352066200a30303030303030353532203030303030206e200a30303030303030303135203030303030206e200a30303030303030363430203030303030206e200a30303030303030343430203030303030206e200a30303030303030363931203030303030206e200a30303030303030373336203030303030206e200a747261696c65720a3c3c2f53697a6520372f526f6f742035203020522f496e666f2036203020522f4944205b3c37383637333130353937353732316231396566333936323366643363646466333e3c37383637333130353937353732316231396566333936323366643363646466333e5d3e3e0a2569546578742d352e352e31332e340a7374617274787265660a3930310a2525454f460a, '2024-07-22', 'TEC-FER');

-- --------------------------------------------------------

--
-- Estructura de tabla para la tabla `carreras`
--

CREATE TABLE `carreras` (
  `IdCarrera` varchar(7) NOT NULL,
  `DescripcionCarrera` varchar(30) NOT NULL
) ENGINE=InnoDB DEFAULT CHARSET=utf8mb4 COLLATE=utf8mb4_general_ci;

--
-- Volcado de datos para la tabla `carreras`
--

INSERT INTO `carreras` (`IdCarrera`, `DescripcionCarrera`) VALUES
('ING-AER', 'Ingenieria Aeronautica'),
('ING-BIO', 'Ingenieria Bioquimica'),
('ING-ELC', 'Ingenieria Electronica'),
('ING-QMC', 'Ingenieria Quimica'),
('ING-SIS', 'Ingenieria en Sistemas'),
('TEC-FER', 'Tecnicatura Ferroviaria'),
('TEC-PRO', 'Tecnicatura En Programacion');

-- --------------------------------------------------------

--
-- Estructura de tabla para la tabla `login`
--

CREATE TABLE `login` (
  `Usuario` varchar(30) NOT NULL,
  `Contraseña` varchar(25) NOT NULL
) ENGINE=InnoDB DEFAULT CHARSET=utf8mb4 COLLATE=utf8mb4_general_ci;

--
-- Volcado de datos para la tabla `login`
--

INSERT INTO `login` (`Usuario`, `Contraseña`) VALUES
('AnaGonzales', 'Ana123'),
('CamiRodriguez', 'Cami123'),
('CarlosLopez', 'Carlos123'),
('FedeMuñoz', 'Fede123'),
('JavierGarcia', 'Javi123'),
('JuanmaRo', 'Juanma123'),
('LauMartinez', 'Lau123'),
('LuciaGomez', 'Lu123'),
('MariaSanchez', 'Maria123'),
('MartaSanchez', 'Marta123'),
('PabloDiaz', 'Pablo123'),
('PauFernandez', 'Pau123'),
('SofiaPerez', 'Sofi123');

--
-- Índices para tablas volcadas
--

--
-- Indices de la tabla `alumnos`
--
ALTER TABLE `alumnos`
  ADD PRIMARY KEY (`Legajo`);

--
-- Indices de la tabla `carreras`
--
ALTER TABLE `carreras`
  ADD PRIMARY KEY (`IdCarrera`);

--
-- Indices de la tabla `login`
--
ALTER TABLE `login`
  ADD PRIMARY KEY (`Usuario`);
COMMIT;

/*!40101 SET CHARACTER_SET_CLIENT=@OLD_CHARACTER_SET_CLIENT */;
/*!40101 SET CHARACTER_SET_RESULTS=@OLD_CHARACTER_SET_RESULTS */;
/*!40101 SET COLLATION_CONNECTION=@OLD_COLLATION_CONNECTION */;
